image_path,content_type_label,mood_label
3_c9f8929467bcae97.jpg,1,1
0_eac8e0c6af8bf66c.jpg,1,1
2_c798c6e9e958e910.jpg,1,0
0_7c5f37681ea6e7bb.jpg,1,0
2_c5b913d832d6372c.jpg,2,2
3_931ad508eaeaeb15.jpg,1,1
3_10e4e80af49067e6.jpg,1,1
3_96eedae6ddf3e86e.jpg,1,1
0_6063c0e023d72d21.jpg,1,1
0_44effb2b332c236a.jpg,2,3
2_c71ec563b3bc5aee.jpg,2,0
0_0a7ad22c5b040c00.jpg,2,0
2_b4ef126ea689111b.jpg,2,2
1_466ca947c1441c23.jpg,2,2
0_b58febb60be658e6.jpg,1,0
2_3d9e4fb17184b3eb.jpg,0,2
2_d7671e1176dddaa6.jpg,1,2
2_a39868070f151029.jpg,1,3
0_ff915f054b45a2e3.jpg,1,1
1_2c048203520444d8.jpg,0,0
0_efe54a6e9b19ae6c.jpg,2,0
0_2f2183376c104c6a.jpg,0,2
2_5d799fb62f1e02d7.jpg,2,0
3_464ab9a0ec845761.jpg,1,1
1_67822351e63372f4.jpg,1,2
1_d562a27a148d50a9.jpg,1,2
0_08bb9f40a23721ce.jpg,0,1
3_e89556a806f098ff.jpg,2,2
0_6c67376411fa45c7.jpg,2,0
0_ea2b2b39b3e26315.jpg,2,3
3_2d7681fa3a73c9e3.jpg,2,0
0_daaf6ec7fa061d46.jpg,1,1
3_9c9369789431929f.jpg,1,1
3_7bf39e12bcce6ec7.jpg,0,1
1_c64cc4d99ef0e0bb.jpg,1,1
2_616306c6a2abd951.jpg,2,1
0_c7c4244f6c31a7ad.jpg,2,3
1_de1d6c9defbc9b39.jpg,1,1
2_cdb011a758fa002b.jpg,0,1
0_8627e2c20a6a25ac.jpg,1,1
2_3bb83c27cc5f3d31.jpg,1,1
0_022b01b33dccc463.jpg,2,2
0_1ffd264a2afb437b.jpg,0,2
1_469d99b4491f6785.jpg,1,1
1_e039d786d291d3df.jpg,0,2
2_a5709bf98687dc6b.jpg,2,2
1_440022bd8a100767.jpg,1,1
0_5a3d833c003ed52d.jpg,0,2
1_4bc41980c9078cce.jpg,1,3
0_d28e2361b30754b2.jpg,2,2
1_a79ec77f14bff489.jpg,1,1
0_c1240e9448f868c5.jpg,1,3
1_96e07898bb57ddac.jpg,1,1
0_a75640997d807109.jpg,1,1
1_5a049d0c7791341f.jpg,1,0
1_9e3cb95de0b0e01a.jpg,1,1
1_d2a8b448a97849a5.jpg,1,1
2_e5ae6b26a68071f5.jpg,2,2
2_6ce75c6bba8b57e5.jpg,1,0
0_717dcd9a5fefe1b8.jpg,1,1
0_a39868070f151029.jpg,1,3
2_af329b48b6245933.jpg,1,2
0_509ed500f8ddff8b.jpg,1,1
2_a31e5cab27e4db52.jpg,1,1
1_cae99d7a3bafa395.jpg,1,0
2_6e7e5a38687029c0.jpg,1,1
0_1d3b2856f6220ba1.jpg,0,1
1_5e7cd07737565cad.jpg,0,1
1_fa5d9209c56b80ae.jpg,1,1
2_a3c19c96c359e9a3.jpg,2,0
2_0c8377bea300d438.jpg,1,1
2_eb31373e8f152ee4.jpg,1,1
1_4085c91830615a20.jpg,1,0
0_d3c11ab1a15e6d6d.jpg,1,1
0_b183ceb5c6188874.jpg,2,2
2_8627e2c20a6a25ac.jpg,1,1
3_00008d167563158c.jpg,2,1
2_b9cc7dfa184376b2.jpg,1,3
0_738cad1ca7d2d17a.jpg,1,0
2_d28e2361b30754b2.jpg,2,2
0_070e5f471ef0c77e.jpg,2,0
0_bb781b349548b8e2.jpg,2,2
1_8da0333b664f8554.jpg,1,1
3_09576e24e8a1ef87.jpg,1,3
0_d0a3e8abaf64c1e6.jpg,2,2
2_14887adbb05870ad.jpg,0,2
1_c4bfdbc843744c12.jpg,0,2
2_eefb82a65e3c0869.jpg,2,2
0_97326171dabaa67e.jpg,1,3
2_6d77914cf1120278.jpg,1,1
0_14b2359305523df1.jpg,1,1
0_54215199966aedb3.jpg,1,0
1_726a763af0fdd574.jpg,1,1
1_463b421d41244c47.jpg,1,1
3_8f58ce44aed4d10a.jpg,0,1
3_87a61fb371125df8.jpg,2,0
0_282e048e3e340815.jpg,1,1
3_4157ca9141b7b364.jpg,2,0
3_0a6cf9b99c33fab8.jpg,1,0
2_2fd6fb470fea9151.jpg,2,2
0_8669dc1de7543b38.jpg,0,3
1_8f58ce44aed4d10a.jpg,0,1
3_c6245a09043fc658.jpg,2,2
0_bba4332103681c78.jpg,1,3
1_fa1c0e89a3b23889.jpg,1,0
0_90fadabf3395481d.jpg,2,2
2_655abeaeca77fc0d.jpg,2,2
2_6ec5888e1f4e9c3e.jpg,2,2
0_d066d8c21f939429.jpg,1,0
0_9ab26fb3340f4246.jpg,2,1
0_d2579bc8f1dd45b5.jpg,1,3
0_da7f48f0dd55d665.jpg,0,2
2_c4725090a3ab0288.jpg,2,2
1_0b47e2f10f1232a4.jpg,1,1
0_96abe0c58eefae07.jpg,1,0
3_8d13304584d58112.jpg,2,1
2_0d74a3ecf987934f.jpg,1,0
0_68111d701e43b1ce.jpg,0,0
0_8e6801e98eb1d87f.jpg,1,1
0_8aa5e0d4c76f60da.jpg,1,0
0_2960f6d19c4c3f9a.jpg,1,1
0_06e734bf775ba157.jpg,1,0
1_916f558cf53b2887.jpg,1,3
2_f07fa9171ecaf5f1.jpg,2,2
2_f6a6048752ccae07.jpg,0,1
2_4016e6489a0fc99a.jpg,1,3
2_cd3d5f31fb4b68f5.jpg,1,1
0_f6a8cb18a102ab7e.jpg,1,0
3_c6190e3f765bc6f9.jpg,0,2
3_15c0f01a6effcebd.jpg,2,0
0_c8c6066e2752f846.jpg,1,1
0_8e9fd3fe3514e491.jpg,1,1
2_6ede4f6daed652db.jpg,1,1
2_5a98236a8fd652ac.jpg,2,2
0_a5ebe86b73c0264a.jpg,1,3
0_f6a6048752ccae07.jpg,0,1
2_37acc9ad3c3cb092.jpg,1,3
0_2aafff9543df0ad7.jpg,2,2
2_9b043e64f6e41ea8.jpg,1,1
0_a4102da2506ab5b5.jpg,2,2
3_6e930563c751479c.jpg,2,0
3_d3c4ca13096ba176.jpg,0,1
0_80bb5fd727ed10f0.jpg,2,2
2_898f71bcebb38c95.jpg,2,0
3_b7a3e3acb312f96d.jpg,1,1
2_14ea04fa0806d278.jpg,0,1
0_1a33eb60d809d15b.jpg,2,2
0_97959a639f818f5e.jpg,2,0
2_08b70055c9507f6b.jpg,1,3
1_2641a9bfac8c5d94.jpg,1,1
0_d8d2add6985cfc52.jpg,2,2
2_6d02a071801d3f12.jpg,1,1
0_b4285f8648713ad9.jpg,2,2
3_e039d786d291d3df.jpg,0,2
0_3cab4b5d334bc350.jpg,1,1
3_04ff1cfea398bce7.jpg,1,3
3_f0369adfecc6062b.jpg,2,1
2_e89556a806f098ff.jpg,2,2
2_003c30b02d4fb5a5.jpg,2,2
3_5688c4ecd8b28ab0.jpg,2,1
1_c7ce12e89c0aa3c5.jpg,1,0
2_317ce04bc3a8ad85.jpg,1,1
1_26c72c10a9079d3e.jpg,1,1
2_e9b446341dfa0a63.jpg,1,0
1_b5c5d9dbb9f4a846.jpg,0,1
2_8a806a101b4e0cc4.jpg,2,2
0_58d661989704c137.jpg,1,1
0_e8461b518874a5eb.jpg,2,0
1_a6193b3b38705806.jpg,1,3
3_83e7d6e153ff03a0.jpg,1,1
0_b21c55d94c1ea748.jpg,1,3
2_89b007cd72ee7003.jpg,1,2
2_6ddfab993ab58766.jpg,1,1
1_7da9ad7b31c5cad4.jpg,1,0
1_09576e24e8a1ef87.jpg,1,3
3_96e07898bb57ddac.jpg,1,1
1_dbee37165e36406b.jpg,2,0
2_225973af55f770c9.jpg,2,2
2_2612fe399f8c57f7.jpg,1,1
0_807fbdbc6b0fb89f.jpg,1,2
0_f0a9e30a2263b198.jpg,1,0
2_bbec09879a493a06.jpg,1,3
0_78aebeafb75370d3.jpg,1,0
1_54136694b373a7a6.jpg,1,1
2_1a33eb60d809d15b.jpg,2,2
3_3edccfe429e2ef25.jpg,1,0
0_75e31b1175f6fdb9.jpg,1,1
1_02367b5e2aeb0128.jpg,0,0
1_f4c1bec666776df5.jpg,1,0
2_6189ef80af5ee2d7.jpg,2,2
2_316becca2196e88b.jpg,2,2
1_d548b89484967c01.jpg,1,3
3_24f7973e67d5106c.jpg,0,1
2_efbb60ad45690e22.jpg,1,3
0_cea24ef0f283be61.jpg,2,2
0_e765bfc51a964b1a.jpg,2,2
3_ea83a9f649a3663f.jpg,2,2
2_a51d18a75189e43f.jpg,2,0
2_87640ad2403f0d13.jpg,1,1
2_efe73f70e25769cd.jpg,1,1
0_010383a788e0ea6a.jpg,0,2
0_4a7c66b9421073e1.jpg,0,2
0_79ac7b296d54afc0.jpg,1,3
1_02c2e880229f8d8f.jpg,2,2
1_54215199966aedb3.jpg,1,0
0_a53c88b1a6bfa22b.jpg,1,1
2_ceef213894229eb8.jpg,2,2
0_8766c2f0c3586085.jpg,1,3
3_6642993a76366217.jpg,2,1
0_99c1a6eebed1b699.jpg,1,0
0_3ce1c68755aa8f96.jpg,2,2
0_b7911bbe3d394dda.jpg,0,2
1_0129fa55a43f1b97.jpg,2,2
3_168e560f35946709.jpg,2,2
0_d33ec16731f602f6.jpg,2,0
0_3f9b1996b9ac7855.jpg,1,1
0_f488d724af5b2625.jpg,1,0
1_5f74b67a5e0eb414.jpg,1,3
3_894343a563fd56f6.jpg,2,1
1_1f04b7b07e64a6b9.jpg,2,2
0_d178d4598b5de33a.jpg,2,0
0_418b2fcd0ad70cfe.jpg,0,2
2_5b7051f9fe5ff6b8.jpg,2,2
0_046590bbcb0bd9fe.jpg,1,1
3_323d650ff9cd39d6.jpg,2,1
1_80a0e6acd9021999.jpg,0,2
0_f0bc8f1578cf347c.jpg,2,0
2_358998a673214145.jpg,1,1
2_b968128e14fbbc6c.jpg,1,0
2_dbe9b2634b69f7e3.jpg,2,2
2_56cd57eb26e62798.jpg,2,2
2_60a2ef77bd1854cd.jpg,1,1
1_144a59715d3f9db3.jpg,2,2
2_8650d4fc4f42ad8d.jpg,2,0
2_210c8b02ea14e716.jpg,1,1
0_5783093eafe47017.jpg,0,2
1_39df0dfbeb286324.jpg,2,2
3_0049a8ab0b787a1a.jpg,1,3
0_d55e1e82166900b5.jpg,2,0
2_0924a8ac3de2ea7f.jpg,1,0
0_8f8c79bb8ec2f636.jpg,1,3
2_047ad356d17648e5.jpg,2,0
2_acb7a3c84e7538db.jpg,0,2
1_7c5f37681ea6e7bb.jpg,1,0
2_5ea8fae997aa79ae.jpg,1,1
2_2baf1a7e16a04e0d.jpg,2,2
0_665206cc42fa50ab.jpg,0,2
1_d294eacbb12ef1b7.jpg,1,0
0_cb101acda48efd16.jpg,1,1
1_3862c378c2906a65.jpg,1,1
0_aab4bf54d2f53fa0.jpg,2,0
0_80cfd9798bd15044.jpg,1,3
0_8d94e2ddc8392e49.jpg,2,2
1_8c3aca5f7035cf53.jpg,0,2
3_8e42c7a3dad83630.jpg,1,1
2_7509ae7e1df3b51b.jpg,1,0
0_02ed6f0fec0aec93.jpg,1,1
3_00d43877b888fd5a.jpg,0,2
0_a8910bbd6b0325b0.jpg,2,0
0_6bea448a39fd4a5a.jpg,1,3
0_9f2be050cc33d4e8.jpg,2,0
0_12917327a9eb6d66.jpg,1,3
0_a098ed30cb404c48.jpg,1,1
3_f65aff4fab13f9c2.jpg,2,2
1_78e9dd4a77604c50.jpg,1,3
0_ecc8bcce9115900e.jpg,1,1
2_be7452471356aa7e.jpg,2,0
0_435411391eadef9a.jpg,1,0
2_50880f5cd238ed04.jpg,2,2
1_8b49472a8a1a95db.jpg,1,1
0_1fb92e4c7091b6d2.jpg,1,0
2_353117934ca4c015.jpg,1,0
0_225973af55f770c9.jpg,2,2
1_61f9204dfb5b4094.jpg,1,1
2_24495ea98e45f7ce.jpg,1,3
0_851ee81d22f52b60.jpg,1,1
2_c01ffb78817de038.jpg,2,2
3_00140806971e7a73.jpg,0,1
0_d21ffe1eaa2ab6ac.jpg,1,1
2_224105cab41ef9c8.jpg,1,3
0_162889d22bc23dd4.jpg,1,3
1_3b2b8c5d5e42c185.jpg,0,2
0_53900222d07d9a9a.jpg,2,2
0_b66877a01745a116.jpg,2,2
0_b9fc460f41259997.jpg,0,2
2_b9fc460f41259997.jpg,0,2
0_f577bed650d5b3a7.jpg,1,1
2_00869b41796072cc.jpg,1,2
0_fc44042839319aeb.jpg,2,2
1_cee109ed96f3e8f0.jpg,1,1
1_54aeb75f587d577e.jpg,1,0
0_718bb84a7c4847fa.jpg,1,0
1_5693c1aff18e2a43.jpg,1,0
1_c1f02f04ef5d4367.jpg,1,1
1_cbd2e74fabb33d8d.jpg,1,1
1_cd95013e16e1a652.jpg,0,2
0_559e64df49adf054.jpg,0,1
3_78ac8d9c85b67358.jpg,0,1
1_f998e4e2d378a721.jpg,1,1
2_cbf654d740e66561.jpg,2,2
2_5b9d766d16c87a44.jpg,1,1
1_d015c3eeda58d045.jpg,1,1
3_898f71bcebb38c95.jpg,2,0
1_068d6f3ae51a7d21.jpg,1,1
2_f007bd34f0e07006.jpg,1,0
0_c7505f1da81ba1c0.jpg,1,1
2_ea5162e1ebfd3f96.jpg,1,1
1_30045303d60506c1.jpg,1,1
2_e2f5c9f9fd76fed2.jpg,1,0
3_720fb30d5ef8d8e8.jpg,1,1
1_d46f34138c865383.jpg,2,0
0_f4c1bec666776df5.jpg,1,0
2_a8a3e89dc0842bf0.jpg,0,0
0_5880aaeee322b1bd.jpg,1,2
0_44594da811045d8a.jpg,2,2
0_11064655821e3bef.jpg,0,2
1_448a341c72fb7c6c.jpg,1,1
1_a2adcf97afc47d8f.jpg,1,1
2_95295df32dbfa78c.jpg,2,0
0_f06373f28b5d18c6.jpg,2,0
1_4189d2658d8031e4.jpg,1,0
0_371e79b77bf17702.jpg,2,1
3_738cad1ca7d2d17a.jpg,1,0
3_dbee37165e36406b.jpg,2,0
0_7f16f6d23fd4e90f.jpg,1,3
0_7dea772278e82cfe.jpg,2,2
1_b814438935337f67.jpg,1,1
0_f4a5396e194a0479.jpg,1,1
2_d48186fbea4fd9f6.jpg,0,2
2_7136bdccf064b544.jpg,2,2
0_a1e4ec2d8c9265b0.jpg,1,1
0_e92dffba0943918e.jpg,0,1
2_22efcbf0396af5da.jpg,2,3
2_7a75940aaf9cf40d.jpg,2,2
2_97b0c9d05cfbb7d8.jpg,0,1
3_9cb737166c31c9b7.jpg,1,1
1_0202faf23a9aae11.jpg,1,1
0_e5ab1a933745c258.jpg,1,2
3_fab8ae3c45854932.jpg,1,1
0_918e1da5b8d162c8.jpg,1,2
2_821949984394a481.jpg,2,1
1_f0554ab7a7a3b6d2.jpg,1,1
1_fd7b87a36039deda.jpg,2,2
3_c12b3477524c8306.jpg,0,1
0_5b7051f9fe5ff6b8.jpg,2,2
0_16f9421ab1282a85.jpg,1,1
1_153849d045e7af04.jpg,1,0
0_224eed4563e0557e.jpg,0,2
0_d7082866ef3bcade.jpg,1,0
2_0dbe2e2ff06eba14.jpg,0,2
3_8652e44e34f6b7ea.jpg,1,1
0_79093b08590db299.jpg,1,1
1_df84553afaf764d9.jpg,1,1
2_931ad508eaeaeb15.jpg,1,1
2_4fe1315ff5fc256a.jpg,2,2
0_80a0e6acd9021999.jpg,0,2
0_25160e1446dd9eac.jpg,0,2
3_febf1bd014e38b86.jpg,0,1
2_7d78a2e4b42f7ac0.jpg,2,2
0_9715f777c3ec058d.jpg,2,2
1_6eb9c6a0445804d7.jpg,1,3
3_cf95eb9c65c4247d.jpg,1,1
0_746c123a3b79a540.jpg,1,1
3_348a16712cd2f283.jpg,1,1
3_a66076e07eea8f9b.jpg,2,2
1_eb32a1ea7c92770b.jpg,1,1
0_77a96bacd9c1db1a.jpg,2,2
0_c5b913d832d6372c.jpg,2,2
0_cfd08b65da9f4edc.jpg,1,1
3_129d3a29ef00a992.jpg,2,1
0_d1b248becaa44891.jpg,1,2
0_f1bafb99791248a2.jpg,2,2
2_94ffffc1970fbc59.jpg,1,1
0_cf8cb3a7734974e0.jpg,1,1
2_acfb270c0fa13d44.jpg,2,2
1_3274aefcd1b67c3c.jpg,1,3
2_447a0cc362b6e2c2.jpg,1,1
2_cce96784b8e0d18b.jpg,0,1
2_b47262cddce0a51c.jpg,2,2
0_043c9868ec03c044.jpg,2,2
0_d1d1b3240c79a15e.jpg,0,2
0_04639b2fe794ef95.jpg,0,2
0_d017040c5da06409.jpg,2,2
2_a5e94f4624c44a85.jpg,1,1
1_73a9ebd76d915170.jpg,1,0
0_06c7b262df7aad3a.jpg,0,2
0_b620f72929e10ee3.jpg,2,2
1_1f1244e1de030e5f.jpg,1,1
2_5688c4ecd8b28ab0.jpg,2,1
1_8957fa758fd9130f.jpg,1,1
2_f590675eba6f203f.jpg,2,0
0_0129fa55a43f1b97.jpg,2,2
0_c7d20027c9a8ea92.jpg,2,2
0_7fcd1cb1d61761a0.jpg,2,2
2_435411391eadef9a.jpg,1,0
0_db64c94d029a3648.jpg,2,2
1_5dba44033ce45348.jpg,1,1
1_0612b755421af8b6.jpg,0,2
0_ffe223986b19bec3.jpg,1,1
3_ba5120a6d3fe662a.jpg,2,0
0_40c3fd768f2af07f.jpg,0,2
1_77fc1bc4c4e8b113.jpg,0,3
1_b4b4e6bbe30fd5d2.jpg,1,0
2_6efcd01061c26b08.jpg,2,2
2_32599c785183bf7a.jpg,1,0
0_334b8043129f988d.jpg,1,0
1_4420b9425d74276a.jpg,0,1
1_f488d724af5b2625.jpg,1,0
0_656e08da323e3b5e.jpg,1,0
0_a8f88b1b1267ac53.jpg,2,0
2_2670a86a1fdef471.jpg,1,3
0_149c922318ccae59.jpg,2,0
1_95d26486cc1aa7ee.jpg,1,1
2_c70c6b49c9c32ed6.jpg,1,1
2_9440dd0201c58a4d.jpg,2,0
0_8b49472a8a1a95db.jpg,1,1
0_8652e44e34f6b7ea.jpg,1,1
1_0b1c09d8a339bc9e.jpg,1,1
2_c9632ce1883de00c.jpg,2,0
0_c556d0963374bf7d.jpg,2,2
3_22d28046bd80daae.jpg,1,1
2_ef86093c332e0407.jpg,1,1
1_2cccdf037c3fed46.jpg,0,2
0_ff6daa26261342f7.jpg,2,2
3_14a298d2c16a010d.jpg,2,0
0_a54ea6be4952ea75.jpg,2,2
3_0196775d4dc7c7a0.jpg,1,3
2_1cf43ddbf5a8b871.jpg,2,2
2_0aac10455d64e932.jpg,2,2
3_e0f144e79f1318f6.jpg,0,1
2_39a79e55bbd38f51.jpg,2,2
2_2da5a60fd8a5cc79.jpg,1,0
2_d3fa3c7a36fa6d51.jpg,1,2
1_6167018fff1bf70a.jpg,1,0
2_0612b755421af8b6.jpg,0,2
2_322a78e9a93d7c31.jpg,1,1
2_e711a27ccb080e7a.jpg,2,0
2_d86621ad69bb5f7b.jpg,1,2
2_28a2fcdba7fa61e4.jpg,1,2
2_a0a85e52fa67d727.jpg,2,2
1_486df04d6000a0e4.jpg,1,3
2_4a3d0038e52efe47.jpg,1,0
1_87710a449194afe9.jpg,1,1
1_8d35ce1a326ea814.jpg,1,0
1_09d5c268663a47e2.jpg,1,1
1_505ba8342295477c.jpg,1,2
1_d44bf24163a22d40.jpg,1,0
0_096e9c19f4a9a572.jpg,1,0
2_2d9789bfe2df9aa0.jpg,1,1
0_d243bbc3eccfbac6.jpg,1,3
0_27afe5da5473bf0b.jpg,2,0
1_96b05f1842ee5698.jpg,1,0
3_a3e8bda0a85baef4.jpg,1,0
0_476a773b09facf75.jpg,2,2
2_5898b47d910e5e0a.jpg,2,2
2_740af42174b8589f.jpg,2,0
1_d51411c79b8e66c6.jpg,1,1
2_834f21939fecb251.jpg,2,2
0_e1b23efbc125e6f8.jpg,2,2
1_5b102cfb5c2778ee.jpg,1,0
1_acb7a3c84e7538db.jpg,0,2
3_57c9f70834b4c5cc.jpg,1,1
1_b8a5936b6af33272.jpg,0,1
2_e5c420612ff82ce2.jpg,2,2
0_6b1ebbf82f2a3233.jpg,1,0
1_6642993a76366217.jpg,2,1
3_101f3fe42fb99e1e.jpg,1,3
0_bcfdb93fad126e8b.jpg,2,2
0_87b61e2207ffd388.jpg,1,1
2_000bfd340e3fe9ee.jpg,1,1
2_df84e155228f053e.jpg,1,1
2_2da77f4ccabb4023.jpg,1,3
0_05134afc386b2b13.jpg,1,3
0_ed9680d51f185f95.jpg,2,2
2_038399f2c7261a42.jpg,1,0
2_d15d786713ef2d57.jpg,1,1
2_d9b6df304c1f96f5.jpg,1,1
2_07f76a8dc1dd09d0.jpg,1,3
0_d15692389bd77206.jpg,1,0
1_006afe56d09e8a25.jpg,2,2
2_2688a6b12e30776a.jpg,2,2
1_d0a0dfb74740ae1a.jpg,0,0
0_045340a26bbc7294.jpg,1,1
0_383ba0f96a8cce98.jpg,0,2
2_13bce5ac56dac9e8.jpg,0,2
0_1f1244e1de030e5f.jpg,1,1
3_79a1cc63d7b19a0a.jpg,2,2
1_a51d18a75189e43f.jpg,2,0
2_4aa0e4a26d9c60be.jpg,0,1
2_b832bc0cf0076b26.jpg,1,1
2_84f4f47b35209015.jpg,1,2
1_b8d2203bb30386ea.jpg,1,1
0_fc374a91ed1270fc.jpg,0,2
1_348f5f981e6befd9.jpg,1,1
2_4165a0e22a1a69d1.jpg,2,2
0_a8addf70644c5cda.jpg,1,3
2_965b4dccff47fa5d.jpg,1,3
0_8a4172e341614f90.jpg,1,1
1_0a7611b5b7e31aea.jpg,0,1
1_058cadfc297497b0.jpg,2,0
1_8dfb351f0a1ef4f1.jpg,0,2
0_03649a17b4b52ee8.jpg,1,1
0_a0a85e52fa67d727.jpg,2,2
1_57142c11920ce25b.jpg,2,2
0_648cddb78d2917fc.jpg,1,3
0_01e2aa2ffa482418.jpg,1,1
2_a0977473e81fd4b6.jpg,2,2
1_00008d167563158c.jpg,2,1
1_b9c79f4d1ca4de10.jpg,1,1
0_ddb3d46bae4a66e1.jpg,1,1
0_33dc27c2e7da9b44.jpg,1,1
0_7a43ba5b962da13f.jpg,1,1
1_708a72084383a0a8.jpg,1,1
1_f0056a51bd9306ad.jpg,2,2
2_e765bfc51a964b1a.jpg,2,2
1_b4952dee371f9cf5.jpg,1,1
1_c88f46869e536e3f.jpg,1,1
1_1553c49f911295b0.jpg,1,0
2_282a5cd191516743.jpg,1,3
3_630bb99185076e16.jpg,2,0
1_e8551daa3ee58a04.jpg,1,1
1_353117934ca4c015.jpg,1,0
3_cdb011a758fa002b.jpg,0,1
2_8c82b10ec079cc31.jpg,2,0
3_d45ba7b5782c612d.jpg,0,1
1_4532de97d9da86f6.jpg,1,0
0_8182d6872384d0fd.jpg,0,2
2_f10ba5b83c4fa2a7.jpg,1,1
3_ef9c2f8af111e0ac.jpg,1,3
3_bbf78dc3cb397ea8.jpg,2,1
2_b6c9a8cf2ec3ca30.jpg,2,2
1_30706fa2bd9fe2f3.jpg,0,2
2_f3730eabf501a4d9.jpg,2,2
2_2ceb745ccccd0fe6.jpg,2,2
1_d0a3e8abaf64c1e6.jpg,2,2
0_d9b34f7c031cbec7.jpg,1,2
3_d78ecd982b6a7ef7.jpg,1,1
0_c4725090a3ab0288.jpg,2,2
0_568b088fefea3046.jpg,1,2
1_070e5f471ef0c77e.jpg,2,0
2_a6743141fa0d5cd1.jpg,1,1
1_7af4681a7185c224.jpg,1,1
2_b333fb33991b4902.jpg,1,0
0_f5ffd3631d50035b.jpg,2,2
0_91921462ed4dd520.jpg,1,1
2_108017e7e9705420.jpg,1,1
0_7ee04cfe4478737b.jpg,1,1
2_0a8ffbbfdd72c854.jpg,2,2
2_137eb4ef2bdf42fc.jpg,1,0
2_c9dcd2123d45f152.jpg,1,1
2_b5b3ba9ac54f67cc.jpg,1,1
0_ceca075d92486d7c.jpg,0,2
0_a22c10e945350402.jpg,1,1
3_09203796f70bd173.jpg,0,3
2_67822351e63372f4.jpg,1,2
2_461d5bb6750e3f54.jpg,1,1
1_a28aefc195083a8b.jpg,1,1
2_8bf0595ff7f6b5aa.jpg,1,0
0_cf1d7874aa6eb374.jpg,1,1
2_88292f674aff9ebc.jpg,1,1
1_519b92238236bc91.jpg,1,1
0_37acc9ad3c3cb092.jpg,1,3
0_a43fe134561a3d52.jpg,1,1
3_13bce5ac56dac9e8.jpg,0,2
0_548db860b3f9f6d5.jpg,1,0
0_ab212f492c65cf26.jpg,0,3
1_59bdd735d87b8054.jpg,0,1
3_3bc6040c20b625b2.jpg,1,1
3_559e64df49adf054.jpg,0,1
0_bbd5e6365abfa7f0.jpg,2,2
2_edc9da32e4a5b335.jpg,1,2
0_e589f2e752e376ee.jpg,0,1
3_ccef72a7e48ecb4e.jpg,2,0
1_9c0c721bec0dd53d.jpg,2,2
0_4157ca9141b7b364.jpg,2,0
2_585f1ee5c57342c3.jpg,2,2
0_09917ace75a0f49e.jpg,0,1
2_fedf9bdc2150b15d.jpg,1,3
1_fd0c3e85bcb6c0c6.jpg,1,0
0_7f32be9b30b8d983.jpg,0,2
1_396c0ece04018a33.jpg,1,1
2_047c0dc615f10630.jpg,1,1
2_2c68a9e77a4af672.jpg,1,1
2_186aa56d177dcd84.jpg,1,1
1_c50c2cdb5331267a.jpg,1,0
2_22d28046bd80daae.jpg,1,1
0_c19d97ac046ffdce.jpg,1,1
0_e6d4e540c2494b2e.jpg,2,0
1_64c60dfea658b88c.jpg,0,1
0_c3381cd9630953cd.jpg,2,0
0_4165a0e22a1a69d1.jpg,2,2
1_0c9ef90e337e4351.jpg,1,0
3_006afe56d09e8a25.jpg,2,2
0_9bc088255afdadcd.jpg,1,1
0_a6193b3b38705806.jpg,1,3
2_28bc091cef331dc0.jpg,2,2
2_b291f655a3163885.jpg,2,2
2_4b96695ed3aec4e8.jpg,0,2
0_188b718607c75a09.jpg,1,1
1_f85be90ac5f9dbd7.jpg,1,0
2_2df72904a60b1fcd.jpg,2,2
2_c5a1e8aa5a97af58.jpg,1,1
3_0d695135fb227a1a.jpg,1,3
2_5e5dbae22e83df14.jpg,2,2
1_02219d59ad2d4e27.jpg,1,3
2_b788d6988fcca9b0.jpg,2,0
2_a3cf5c9be118a580.jpg,2,0
1_2e06e580a0978c8f.jpg,2,2
0_027d9141b87916cf.jpg,0,2
2_5bfb410578d330ea.jpg,1,2
1_e2a815d0a86f56da.jpg,1,3
1_3f75587fa547bb23.jpg,1,1
2_1671602ce619a7a7.jpg,1,3
1_323a8c85898ad120.jpg,1,1
2_9cd9316302e78b7c.jpg,1,1
0_486df04d6000a0e4.jpg,1,3
1_a25518e4be71332e.jpg,1,1
0_85612605b1d0cf1c.jpg,0,2
0_016e28f077b8290f.jpg,2,2
2_18d58f0cccb265c4.jpg,0,1
3_c6a97c1fcfc1f758.jpg,1,1
0_f7de2943a98d2110.jpg,0,2
3_149c922318ccae59.jpg,2,0
1_8852e81be79afd54.jpg,1,3
2_8272a98d16b41265.jpg,1,1
1_64e2d39a3dd242ec.jpg,1,1
0_cde2dd8736e5ba4a.jpg,2,0
2_8766c2f0c3586085.jpg,1,3
2_4743dd8389a36fcc.jpg,2,0
1_ad79847276d7cf03.jpg,1,1
1_0cbfd623173f7783.jpg,1,1
1_3bb83c27cc5f3d31.jpg,1,1
0_831df818224869c8.jpg,0,1
1_fe9444dab509402e.jpg,1,1
1_b6381c2a513e040d.jpg,1,3
0_c486611ae9f95b0c.jpg,1,3
3_0eceeb0408530967.jpg,2,0
2_022b01b33dccc463.jpg,2,2
0_134117b9095f3a9e.jpg,0,2
2_45968fc48890e9e7.jpg,1,0
2_854599da87337efd.jpg,1,2
2_9b7b4ea3ae9d0142.jpg,1,3
3_fa8a1d042787b0ac.jpg,1,1
0_927102f948c48fa6.jpg,1,1
0_27c07a58adf9eb2c.jpg,0,2
3_2d57a42007c46a30.jpg,0,0
1_d24222c6d50b9f9c.jpg,1,1
2_1945ef7f18bdff86.jpg,1,0
0_178d84e65fff0051.jpg,2,2
1_00f3733aaa881434.jpg,1,0
2_7117a24aaccc2779.jpg,1,3
2_6e32b0b0ae469e48.jpg,1,3
1_1ba4a92453026009.jpg,1,1
0_a329e6cd104bf84a.jpg,1,1
0_0ddb8de559af7f34.jpg,2,0
2_d040e12bbfc04528.jpg,2,2
1_894adae7fc3caef6.jpg,0,2
3_ea672f485c36ad85.jpg,0,1
0_15889a73635f10ba.jpg,1,2
2_1149b0b30ad6f648.jpg,1,1
2_346db67a2301b534.jpg,2,2
1_deb0a4c86cf69782.jpg,2,2
0_bd2eb37d2ac04073.jpg,1,2
3_492e4f5971cd218a.jpg,1,1
3_dbe9b2634b69f7e3.jpg,2,2
1_1fb92e4c7091b6d2.jpg,1,0
2_2f83269482122f22.jpg,2,2
2_b242ce9e8b0cc3b4.jpg,2,2
0_585a5c92dcc00941.jpg,1,1
0_847e0bcbca205ae9.jpg,1,1
0_a11d05f18bc0ecbf.jpg,0,1
1_92b5014d796dfbb0.jpg,1,1
2_332869175a4a14a0.jpg,1,2
1_733016bb5521c50d.jpg,1,1
3_0386752a5ae59809.jpg,2,2
3_675a144211a885a8.jpg,2,0
1_59ef0837c44d483d.jpg,1,1
0_2612fe399f8c57f7.jpg,1,1
2_62071e9fdda40abc.jpg,1,1
1_999cc9b521260d99.jpg,2,1
0_359538c98b06e202.jpg,2,2
0_f8cbb7c015adf0c0.jpg,2,2
2_8182d6872384d0fd.jpg,0,2
0_208d3b86d41490b5.jpg,1,3
0_6ec2d9dfe44b3d99.jpg,2,2
3_a7765587be63e861.jpg,1,1
1_f9affacbaeda8d02.jpg,1,1
0_b333fb33991b4902.jpg,1,0
2_395b6fc7a97c377f.jpg,1,1
3_628acfeba412edee.jpg,2,0
2_5d874d9db64878d7.jpg,0,2
2_bc3beb8c4571d5ca.jpg,1,1
3_43bcbe6035c640d2.jpg,0,1
1_b721802599f8dbde.jpg,1,2
0_c5c7fed47e306448.jpg,2,2
3_fbe9a1ccf7e5c507.jpg,2,1
0_2da77f4ccabb4023.jpg,1,3
2_347e0972e5923f74.jpg,1,1
2_defc6a0222d12ad6.jpg,2,2
2_78e2d3c59556b780.jpg,2,0
0_06c0e30072225ae0.jpg,1,2
0_d15d786713ef2d57.jpg,1,1
0_ee38638b66fd0a93.jpg,2,1
3_89101c63a5aa131c.jpg,0,2
0_6c8ad49454c99dec.jpg,2,2
0_5a788b714930d999.jpg,1,3
2_8264180c27be62d6.jpg,1,0
1_de7a2023a5df41b6.jpg,1,3
1_b7bab00ffcfe1870.jpg,1,1
0_8d581641f3465b70.jpg,1,0
1_dad7857313e576d8.jpg,1,0
2_c671b2c714f68ca6.jpg,2,2
0_9360d4c182cfafcc.jpg,2,2
0_18e0d06c68868a35.jpg,1,1
3_cb60e6ee2341da8b.jpg,1,1
3_ce66989b4bc0cd71.jpg,2,1
0_d67c91263fcbc99d.jpg,1,3
0_ce92438a2257c8d6.jpg,0,2
1_f726278860dfa157.jpg,1,1
0_e3704362d6c044aa.jpg,0,0
2_aab4bf54d2f53fa0.jpg,2,0
1_ea46e8886e040820.jpg,1,1
2_4c8898043200b784.jpg,1,1
2_6d03c35a6ff2c268.jpg,1,2
0_bc3beb8c4571d5ca.jpg,1,1
1_9b619072594674b2.jpg,0,2
2_6b8902949bdb0ade.jpg,1,0
1_c3434ab76d676404.jpg,2,2
1_78aebeafb75370d3.jpg,1,0
0_94c184c308c82897.jpg,1,1
0_e04b4f022ad022fc.jpg,2,2
2_8aa6837acb8735f4.jpg,1,0
0_c4ff473e0ee5ba31.jpg,2,3
0_b835630d5440aec6.jpg,2,2
2_0edebbdfc90437ce.jpg,1,0
3_7136bdccf064b544.jpg,2,2
0_be8fffdeb9ef1b45.jpg,1,0
0_feb759b49fa72026.jpg,0,2
1_709cad4cafcc8be5.jpg,2,3
2_a3e8bda0a85baef4.jpg,1,0
3_003c30b02d4fb5a5.jpg,2,2
2_c43c82488fcb80a1.jpg,2,2
3_882566a417048260.jpg,2,0
1_82207ce756964e04.jpg,1,1
0_346db67a2301b534.jpg,2,2
0_42d37f17084b08ae.jpg,2,2
0_af411da175ee9cf2.jpg,2,2
2_b4a807eda8dd15f2.jpg,0,3
0_f9826e51e43e5b9c.jpg,2,1
2_9146cf32b99c9611.jpg,1,1
2_65a2e50f8ef8c76a.jpg,1,0
3_c7bf2a4927f01822.jpg,2,1
0_3c3a68f553365982.jpg,0,2
0_00e26c825cbbf94f.jpg,0,0
0_65a2e50f8ef8c76a.jpg,1,0
3_14ea04fa0806d278.jpg,0,1
2_45e84e0118f72357.jpg,2,1
0_f85123ac41083213.jpg,1,1
2_959eeeca82621137.jpg,1,2
0_d6cf0f6ddc028426.jpg,2,0
2_822d12223285bd8f.jpg,2,2
0_a4e5581e125c15bf.jpg,1,1
1_24495ea98e45f7ce.jpg,1,3
1_27a6e9c481fc66e6.jpg,1,1
3_35e5d03797789b42.jpg,0,2
2_188b718607c75a09.jpg,1,1
2_8f3b7d1ced6507fb.jpg,1,2
0_c6a97c1fcfc1f758.jpg,1,1
2_c0221826f798f9cd.jpg,2,2
1_ab212f492c65cf26.jpg,0,3
0_00f3733aaa881434.jpg,1,0
2_b183ceb5c6188874.jpg,2,2
1_c235cd9dde510544.jpg,0,2
3_0db193f64ab9e24c.jpg,0,2
0_6928c3ade91458d3.jpg,1,0
1_1a49aeb442404d26.jpg,1,1
2_2dad5add0c5f1ed0.jpg,1,1
0_6d02a071801d3f12.jpg,1,1
2_32f427b78c4758aa.jpg,1,3
0_abf0a47fe81780fd.jpg,1,3
3_e3872b298749b2e9.jpg,1,0
2_c7c4244f6c31a7ad.jpg,2,3
1_ddc1294bff6945a1.jpg,1,0
2_0ccbe0a3c2c3bcbc.jpg,1,1
0_355b6234503d91c1.jpg,2,0
2_440022bd8a100767.jpg,1,1
2_52b08eb3f976e2af.jpg,2,2
0_ab874f1a2bf879cc.jpg,1,0
2_d4c1d7bb0aa47ccd.jpg,1,2
0_c50816700d5827fc.jpg,1,3
3_4df3f5254957c227.jpg,0,0
0_2b5cd22857c03724.jpg,2,2
1_2004ad07280a0309.jpg,1,0
0_5a98236a8fd652ac.jpg,2,2
3_fc5c170ba66b839b.jpg,2,2
2_ca7ec7e8d5710fc7.jpg,1,3
1_58063ffdaac3add0.jpg,2,2
2_a8bdc57ec1645856.jpg,1,1
3_746c123a3b79a540.jpg,1,1
0_84bf12350bf50b10.jpg,1,0
0_d251160064dd67eb.jpg,1,0
3_259d05b2a85284fe.jpg,0,3
0_2a4d414086d17341.jpg,0,1
2_e92dffba0943918e.jpg,0,1
0_c1783b981ccac1aa.jpg,0,2
3_d2579bc8f1dd45b5.jpg,1,3
0_df09a096454c52d5.jpg,0,2
2_229532d6f02f18a0.jpg,2,2
0_d98a7bee668f70a5.jpg,1,0
2_0a04828fc7936d8e.jpg,1,1
2_9cb5dd731f88c023.jpg,2,2
1_e540202d056908a1.jpg,1,1
0_227ec002dd50286f.jpg,2,2
1_82f9ae1d653cfe2f.jpg,1,1
0_c73f01ade2593e38.jpg,2,2
2_0514ecc1adf5a15b.jpg,2,2
0_9cee54f58cae44f2.jpg,1,0
1_42d01e25077e905a.jpg,1,1
2_2e55facc076a7675.jpg,2,2
0_f73eb374541e02e2.jpg,1,1
2_cf1d7874aa6eb374.jpg,1,1
3_94ffffc1970fbc59.jpg,1,1
2_d48b16b745710794.jpg,1,1
1_0473df21870145f4.jpg,1,1
0_6eb9c6a0445804d7.jpg,1,3
1_bbe12865c9825927.jpg,0,2
2_e23543c420eb917b.jpg,2,2
2_ba5120a6d3fe662a.jpg,2,0
1_d0852f8d839c6963.jpg,1,3
2_66a94d58bb64c475.jpg,2,2
3_73d8bb7961a5a335.jpg,1,1
2_812ee03ce7371f17.jpg,1,1
0_5f09e2c147b31eb2.jpg,1,0
2_ebf835d2eab7770f.jpg,2,1
0_dad7857313e576d8.jpg,1,0
0_5fc3478e4b85c717.jpg,1,2
2_839ce0d6b05c2d24.jpg,1,0
0_3ef8ed29e5063b6d.jpg,1,0
1_9bca3052fba67c09.jpg,1,1
0_c804c95aa0fac4f5.jpg,2,2
0_39d166e96d91f649.jpg,2,2
0_deb0a4c86cf69782.jpg,2,2
0_cd4e09e577abbc7f.jpg,1,1
3_3bfa002d1ec3893f.jpg,2,2
0_f72c095e0a01c2b4.jpg,1,1
0_c671b2c714f68ca6.jpg,2,2
0_1248abb84da0d186.jpg,1,1
1_1da8b43797d552c9.jpg,2,2
0_c346c10fa9e7202a.jpg,1,0
1_a779e7aeedbae924.jpg,1,1
0_1894303ece5787ac.jpg,1,1
0_73e221e546df3255.jpg,1,1
2_63f28f0cc1f5fe2e.jpg,1,3
0_ae76689b005b7242.jpg,1,1
3_3c237ff58f0faab1.jpg,0,2
0_ec1a5e86a7d570c8.jpg,1,1
2_297dd68f148bafe8.jpg,1,1
1_62be689a3d26eaa5.jpg,1,1
2_8f764ee69cb2d826.jpg,1,3
0_b0813c5f9be81380.jpg,2,2
3_9f570528014ecbcf.jpg,2,0
2_52acc3850dc71f09.jpg,1,1
0_97b0c9d05cfbb7d8.jpg,0,1
0_aef33457cb60d2fa.jpg,0,2
3_229aabdfa9604487.jpg,1,3
1_00124ea83b50f37d.jpg,2,1
2_6742ccde5755b112.jpg,2,0
3_0b47e2f10f1232a4.jpg,1,1
0_1939b254748a53db.jpg,1,1
2_4ae59b6b6833387e.jpg,1,0
2_6642cd694bcd7af3.jpg,0,2
2_7305028c54666b69.jpg,1,1
2_285d64e6b9a22130.jpg,0,1
0_1f01f4c82d7d6148.jpg,1,3
0_da8ccd9b66192bab.jpg,2,2
0_d4c1d7bb0aa47ccd.jpg,1,2
0_b9cab0dcf55c481b.jpg,0,1
2_ce66989b4bc0cd71.jpg,2,1
0_ea46e8886e040820.jpg,1,1
2_cb60e6ee2341da8b.jpg,1,1
1_49f782aeb36f6f20.jpg,1,1
0_ceb66b7c758db66a.jpg,1,3
0_105a2f82e36782b8.jpg,1,3
2_16f9421ab1282a85.jpg,1,1
1_85df0733bc3e5899.jpg,2,0
3_4d4c559dbfb86b00.jpg,1,1
0_96b05f1842ee5698.jpg,1,0
0_96394bf96d895046.jpg,1,3
0_9ff793c74588e8b2.jpg,1,1
1_bb2e339df7474dfd.jpg,1,2
0_4aa3f08c6ce9d6b7.jpg,1,3
0_d04bd85dd231602e.jpg,1,3
0_d4e0fb0fd4eb61f9.jpg,2,2
1_8169378e121f6f92.jpg,1,3
0_eb31373e8f152ee4.jpg,1,1
0_bc9ed7fa22b3cab5.jpg,0,2
0_0c47c032f5524d4b.jpg,2,2
0_e9b446341dfa0a63.jpg,1,0
2_9eb9904c30ab5d56.jpg,2,2
1_017e6da6dbaaca1c.jpg,1,1
0_0710345630c6468c.jpg,2,2
0_353ef04d825ea9be.jpg,0,2
0_de24dee9863c8836.jpg,0,0
3_e47897322d25619a.jpg,0,0
3_4e5808449d5fb2e6.jpg,2,1
2_1da8b43797d552c9.jpg,2,2
0_5d799fb62f1e02d7.jpg,2,0
1_3292aa6dce0c4881.jpg,0,2
1_ee82dab078bc640b.jpg,1,1
3_30e8084831b1cafe.jpg,2,1
2_9c5de14b123bcbba.jpg,1,1
0_c01ffb78817de038.jpg,2,2
2_46ff75a8e8e4a967.jpg,1,1
1_08411ca783c10810.jpg,1,1
2_c900b2e258186bca.jpg,2,2
0_b932fa1ba30035ae.jpg,2,2
2_4267a9b7a8ef4ad7.jpg,2,2
0_0460177c1eba267e.jpg,2,2
2_dd415fcf4a5117fe.jpg,2,3
0_a2adcf97afc47d8f.jpg,1,1
1_eb8236995240624e.jpg,1,0
1_9c600a9771793976.jpg,0,2
0_b4ef126ea689111b.jpg,2,2
2_690bac11e79b45e2.jpg,2,2
0_d6341669d02047d5.jpg,1,1
3_3e227f29a9483bd0.jpg,2,1
2_186b1eaf14ba1927.jpg,1,3
0_259a13f5fdbf861f.jpg,2,0
1_a73e85a9677d255d.jpg,1,0
2_5074d8b42e9b7a92.jpg,2,2
0_cfcacfb7a56f6757.jpg,1,1
1_63eb78ab1e190ee7.jpg,2,2
2_eda7d2f1173eb9bd.jpg,1,1
1_d5ea7b58c657c50f.jpg,1,0
0_f41df4e3f2dd1068.jpg,1,1
2_c94637bc8d4ffba8.jpg,0,2
3_308452dfa653d37d.jpg,1,3
3_aff93041ae207597.jpg,0,0
0_a5156da6bf0e4476.jpg,2,2
0_a8db7ceafb5a2df3.jpg,1,2
0_01600e68f4379a69.jpg,1,1
3_4fbd4a485044fe07.jpg,2,1
0_f46f168dc91178e0.jpg,1,1
3_e0ca38aeb445c69b.jpg,1,1
0_e41ca7e9fc38ef42.jpg,2,2
2_16d362ccc0c30355.jpg,0,2
2_45964fe1302c634f.jpg,0,2
0_4cb94e68eda6c77d.jpg,0,2
2_28bf1ca219d21ea2.jpg,1,3
1_e0c69c42f25784c8.jpg,0,2
1_0ebeb4e30e04ba3c.jpg,2,1
0_6a88af8bbdcd7694.jpg,2,2
1_06e734bf775ba157.jpg,1,0
1_88e0f917ea9a8766.jpg,0,2
2_bde4c270482e58a7.jpg,2,2
1_abf0a47fe81780fd.jpg,1,3
3_b6d38e8031650380.jpg,0,2
2_fae53b227d89dfee.jpg,2,2
0_014c34acf67c53b5.jpg,2,2
2_9ae28861b5f7e2ef.jpg,2,2
3_224105cab41ef9c8.jpg,1,3
0_be3be76f693bf1e0.jpg,2,2
3_b968128e14fbbc6c.jpg,1,0
3_889a4353c5e7b54b.jpg,0,0
2_af778c144a599c27.jpg,2,1
2_9cf4d50b1d915ebb.jpg,1,0
0_8fb129fbd1009c81.jpg,2,2
2_5996403da4459624.jpg,2,2
2_d07909e59947c0ac.jpg,1,3
1_9e3c58633db25865.jpg,1,3
0_63e50811dc46ead5.jpg,1,2
3_262ecefc233e3e72.jpg,0,2
0_acf24a6b0b601675.jpg,0,2
1_fa40097fbf9f779e.jpg,1,1
0_eb6441ec1528ba0c.jpg,1,1
2_8e478ea290f7846a.jpg,1,1
2_6a88af8bbdcd7694.jpg,2,2
1_a82def27f20652cf.jpg,0,1
3_371e79b77bf17702.jpg,2,1
1_96a3fe0f9dfbde55.jpg,1,1
2_8f2aa6ed27c99bc5.jpg,2,2
2_64d332b007389239.jpg,1,1
2_2ba2c8b967cf60d5.jpg,0,2
3_28bf1ca219d21ea2.jpg,1,3
0_84dbc129eab51735.jpg,1,0
3_c6e2eebff1247330.jpg,2,0
2_35749f0ad0ce6fd3.jpg,1,1
1_de2108f9e9ed7fea.jpg,1,1
1_4573253220417285.jpg,0,2
1_f590675eba6f203f.jpg,2,0
2_7f16f6d23fd4e90f.jpg,1,3
1_00dad143a77fb184.jpg,1,1
3_19381a4f945c674d.jpg,0,0
3_71b65d4b85294ae7.jpg,1,1
0_6c7894c838653f32.jpg,0,3
3_ee325fba7f5ce4b7.jpg,1,1
1_046590bbcb0bd9fe.jpg,1,1
1_a4bdb99c62f5fe78.jpg,1,1
2_4816b707114225e0.jpg,1,1
2_5657809d98f1f015.jpg,1,1
2_cdcf221ac5358f8c.jpg,2,2
0_f71869177afe5816.jpg,1,0
1_b4a9ca21bcf03966.jpg,2,0
3_03101c49ec2dc9d6.jpg,0,2
2_ab5098ec4b3614db.jpg,1,3
1_6a2580b4e92d5a12.jpg,1,3
0_7e3fd1791f25d6ed.jpg,0,1
2_88c0121bfb86d7bb.jpg,1,1
0_069b06cc973d8b1a.jpg,1,1
2_2d18c62c34d2e892.jpg,1,1
1_4f1d098d5872beaf.jpg,1,1
2_be9370886da5ecf4.jpg,0,2
2_75e31b1175f6fdb9.jpg,1,1
1_3d7da7f42ee57add.jpg,1,3
2_c55271bc47812713.jpg,2,0
2_8fb129fbd1009c81.jpg,2,2
2_db64c94d029a3648.jpg,2,2
0_4566f1cda5eeb26d.jpg,1,3
1_728e20f28062fce7.jpg,1,1
2_bba4332103681c78.jpg,1,3
2_27afe5da5473bf0b.jpg,2,0
0_73a9ebd76d915170.jpg,1,0
3_e942b3a37a13baae.jpg,2,1
1_79ba5705889d5d25.jpg,1,0
3_00fbe9708cd7161c.jpg,1,1
0_9f3bbb596ace9f54.jpg,1,0
2_629c3919da1c37ab.jpg,1,3
1_ef30124f6050d0d9.jpg,1,1
0_721e712aedeb3f57.jpg,2,2
0_316becca2196e88b.jpg,2,2
2_7ee04cfe4478737b.jpg,1,1
0_7117a24aaccc2779.jpg,1,3
2_587274528b4fb7d8.jpg,2,2
2_717dcd9a5fefe1b8.jpg,1,1
0_a757c49f5d044f30.jpg,1,1
1_80e31a62a7f176f4.jpg,1,0
2_90e1dc536cb3d26d.jpg,1,1
1_51b00001d14cb701.jpg,1,1
2_a54ea6be4952ea75.jpg,2,2
0_41af998fb31d293d.jpg,1,1
0_48bcae578f6e7cc4.jpg,1,0
1_dd7e88e9027b474d.jpg,1,1
2_4ec308db825fd115.jpg,2,0
2_81b69076bbce1c63.jpg,2,0
0_fd7b87a36039deda.jpg,2,2
0_d63a6039a81b63c1.jpg,2,2
1_1b9f8e3b53d2533b.jpg,2,2
0_767f2a603c9a61a6.jpg,0,2
3_45df2b07df137e53.jpg,2,1
3_b3068f73df1505f4.jpg,1,1
0_010c611f83122d42.jpg,0,1
0_8a806a101b4e0cc4.jpg,2,2
2_a5ebe86b73c0264a.jpg,1,3
2_14d56131d1f836a9.jpg,2,0
3_73651e7db2a8825e.jpg,2,2
3_96ef3b2fd13b5937.jpg,2,2
0_45e84e0118f72357.jpg,2,1
0_02029a7e98218318.jpg,0,2
3_7bd1d1645b2884b9.jpg,2,0
1_cdcd1df1f7c16da5.jpg,2,1
0_9e2a6d267f4e3fc1.jpg,0,1
0_e3f3d27639a279b7.jpg,1,1
2_fd195b125454c71a.jpg,1,1
0_8e8ab1904e8021e8.jpg,1,3
0_f189f432d6dfe20f.jpg,1,1
0_0ade8078cce74074.jpg,1,1
0_cad7f721c4ed54cf.jpg,2,2
0_34f4956425289877.jpg,0,2
2_3b681f0573e24f4b.jpg,2,1
2_85d70a7f7fc2f833.jpg,2,2
2_c3434ab76d676404.jpg,2,2
1_487bef2fe82dde99.jpg,0,1
2_be3be76f693bf1e0.jpg,2,2
1_ef86093c332e0407.jpg,1,1
3_2960f6d19c4c3f9a.jpg,1,1
3_83214bf98449923c.jpg,2,2
2_cfeda4a6633d9357.jpg,1,3
0_bbec09879a493a06.jpg,1,3
0_5273e7c5b67edd51.jpg,1,0
0_6a2580b4e92d5a12.jpg,1,3
1_96394bf96d895046.jpg,1,3
0_9b043e64f6e41ea8.jpg,1,1
1_89d9552a610e6a67.jpg,1,0
2_eb6441ec1528ba0c.jpg,1,1
3_ad5187dca225f587.jpg,0,1
0_d1150ab597d94025.jpg,1,3
0_3e227f29a9483bd0.jpg,2,1
0_4e3634ab6d53e906.jpg,1,1
2_0f91c5919d2fe7e4.jpg,2,2
1_00005903203677bc.jpg,1,1
2_227ec002dd50286f.jpg,2,2
1_87b63896de6e3574.jpg,1,0
2_648cddb78d2917fc.jpg,1,3
0_3434fec6d0ac1487.jpg,1,1
0_2f83269482122f22.jpg,2,2
0_5693c1aff18e2a43.jpg,1,0
1_4633aae11dd47c7d.jpg,2,2
3_0a7611b5b7e31aea.jpg,0,1
2_bf643f599bc21807.jpg,1,1
0_37099c623140d1a7.jpg,1,1
0_ac999ebcc3c29656.jpg,2,2
3_6627aaf0c106c09b.jpg,1,1
2_09538b5296c2989d.jpg,1,1
0_39aa0b669adc0040.jpg,1,1
0_74067bd94d44b457.jpg,2,2
2_571fae30720379da.jpg,1,3
1_4791ccd959bf31ae.jpg,1,1
0_78e2d3c59556b780.jpg,2,0
1_e63ee44bf50baa2f.jpg,1,1
3_12831d3d6decb0cd.jpg,2,3
2_17bc3f658f8f82ae.jpg,2,1
1_7529c96545ed89b2.jpg,1,1
3_2da3bd56c306c0a4.jpg,0,1
1_0c029ef0f3db8634.jpg,2,2
0_5f66c64e721547c7.jpg,1,1
1_7cd69b2cc819e78b.jpg,1,1
3_47c8ff794514635b.jpg,1,1
1_207c8d597842481f.jpg,0,2
3_35b5ae187d50bf0a.jpg,1,1
0_35989ebab01904cc.jpg,1,3
3_9171ede2f20674e2.jpg,1,1
1_080a63e41f3b5772.jpg,1,1
2_a15c04ff07aca920.jpg,2,2
2_c688d3ea25748647.jpg,1,3
3_d7b822b5a8341d82.jpg,2,0
1_1f28f8e679fc3308.jpg,1,1
1_a8dd333744067e3e.jpg,0,2
3_034b0473908642b6.jpg,0,0
2_0a1539acf9d12aec.jpg,1,3
0_708a72084383a0a8.jpg,1,1
1_4da80b6ebf757339.jpg,1,0
